,TV Name,Price,Display Type,Rating,Launch Year,Sound Output,Model ID
0,realme,9999.0,QLED,4.3, 2025, 26 W, 32HDGQRDDAQ
1,Foxsky,15699.0,QLED,4.2, 2024, 30 W, 43FS-LED TV
2,Foxsky,11499.0,LED,4.1, 2023, 30 W, 43FS-VS//43FSFHS
3,MOTOROLA,10490.0,QLED,4.3, 2025, 40 W, 32HDGQMDDAQ
4,Thomson,6299.0,QLED,4, 2025, 24 W, 24AlphaQ001
5,XIAOMI,20999.0,LED,4.3, 2025, 24 W, L43MB-FIN
6,Foxsky,11499.0,LED,4.1, 2023, 30 W, 40FSFHS
7,BESTON,11999.0,LED,3.8, 2025, 20 W, BS40FGQ1
8,XIAOMI,11499.0,LED,4.3, 2025, 20 W, L32MB-FIN
9,BESTON,7300.0,LED,3.8, 2025, 20 W, BS32HD1
10,XIAOMI,12999.0,LED,4.3, 2025, 20 W, L32MB-AIN
11,Thomson,9499.0,QLED,4.3, 2024, 48 W, Q32H1111
12,MOTOROLA,22499.0,QLED,4.3, 2025, 48 W, 43UHDGQMVSAQ
13,MOTOROLA,29999.0,QLED,4.3, 2025, 48 W, 55UHDGQMVSAQ
14,InnoQ,7490.0,LED,4, 2024, 30 W, 32S-SPECTRA-V2
15,realme,27699.0,QLED,4.4, 2025, 40 W, 55UHDGQRVSAQ
16,XIAOMI,14999.0,QLED,4, 2025, 20 W, L32MB-APIN
17,Thomson,17499.0,QLED,4.2, 2025, 40 W, 43TJQ0012
18,XIAOMI,23999.0,QLED,4, 2025, 30 W, L43MB-FPIN
19,Foxsky,20299.0,QLED,4.2, 2024, 30 W, 50FS-LED TV
20,realme,19499.0,LED,4.4, 2025, 40 W, 43UHDGDRVSAB
21,XIAOMI,11499.0,LED,4.3, 2024, 20 W, L32MA-AIN
22,Thomson,24999.0,QLED,4.3, 2025, 48 W, 50QAI1015
23,InnoQ,6590.0,LED,4, 2024, 30 W, 32N-MAX-V2
24,MarQ,6749.0,LED,4.3, 2023, 24 W, 32HDNDQEE1B
25,Coocaa,17999.0,LED,4, 2025, 20 W, 50S4U Plus
26,Thomson,28998.0,QLED,1, 2025, 60 W, 55QAI1025
27,InnoQ,12499.0,LED,4, 2024, 30 W, 43S-SPECTRA-V2
28,MarQ,7499.0,LED,5, 2023, 24 W, 32HDCDQEE1B
29,XIAOMI,12999.0,QLED,1, 2025, 20 W, L32MB-APIN
30,Thomson,7999.0,LED,4.3, 2022, 30 W, 32Alpha007BL
31,Thomson,35999.0,QLED,5, 2022, 40 W, Q65H1100
32,iFFALCON,14999.0,LED,4, 2025, 20 W, 40S55
33,Thomson,13999.0,LED,4.4, 2023, 30 W, 40RT1033
34,Coocaa,14199.0,LED,5, 2024, 20 W, 43Z73
35,HUIDI,10199.0,LED,5, 2024, 20 W, HD6FSPRO
36,iFFALCON,8999.0,LED,4.3, 2025, 16 W, 32S55
37,XIAOMI,19999.0,LED,4, 2025, 20 W, L43MB-AFIN
38,XIAOMI,32999.0,LED,5, 2025, 30 W, L55MB-FIN
39,Thomson,15499.0,LED,4.2, 2023, 30 W, 43RT1055
40,Samsung,13989.0,LED,3.9, 2022, 20 W, UA32T4380AKXXL
41,BESTON,9999.0,QLED,4.3, 2025, 30 W, BS32HGTV
42,KODAK,7499.0,LED,4, 2024, 30 W, 32SE5001BL
43,realme,22499.0,QLED,4.2, 2025, 40 W, 43UHDGQRVSAQ
44,TCL,29990.0,LED,4, 2025, 24 W, 55V6C
45,XIAOMI,34999.0,QLED,4.3, 2025, 34 W, L55MB-FPIN
46,TOSHIBA,14999.0,LED,4.3, 2025, 20 W, 40V35RP
47,Blaupunkt,28999.0,QLED,4.1, 2025, 70 W, 55QC7025
48,MOTOROLA,29999.0,QLED,4.3, 2025, 48 W, 50UHDGQMVSAQ
49,Thomson,25499.0,QLED,4.2, 2022, 40 W, Q55H1001
50,TOSHIBA,14999.0,LED,3.8, 2025, 20 W, 40V35RP
51,XIAOMI,34999.0,LED,4.1, 2025, 34 W, L55MB-AIN
52,XIAOMI,33999.0,LED,4.3, 2024, 30 W, L55MA-AIN
53,Blaupunkt,25499.0,QLED,4.3, 2025, 50 W, 50QC7015
54,InnoQ,11490.0,LED,4.3, 2024, 30 W, 40S-SPECTRA-V2
55,Thomson,9499.0,LED,4.3, 2023, 30 W, 32RT1022
56,Infinix,8999.0,LED,3.6, 2024, 40 W, 32GH1
57,Thomson,18399.0,QLED,4.1, 2024, 40 W, Q43H1110
58,Infinix,9499.0,QLED,4.3, 2025, 16 W, 32W2Q
59,ONIDA,70999.0,LED,4, 2023, 24 W, 75UIG
60,Haier,12490.0,LED,4, 2025, 16 W, LE32W400G-N
61,MOTOROLA,27999.0,LED,4.2, 2023, 20 W, 55UHDGDMBSXP
62,TCL,29490.0,LED,4.4, 2025, 24 W, 50V6C
63,Thomson,19999.0,QLED,4.3, 2025, 50 W, 43QAI1005
64,realme,26999.0,LED,4, 2025, 30 W, 55UHDGDRDDVB
65,BESTON,7499.0,LED,4, 2025, 24 W, BS32C2
66,TOSHIBA,11499.0,LED,4.1, 2025, 20 W, 32V35RP
67,realme,27999.0,QLED,5, 2024, 40 W, 55UHDGQRWSGQ
68,realme,26699.0,LED,1, 2025, 40 W, 55UHDGDRVSAB
69,Foxsky,25799.0,QLED,4.3, 2024, 30 W, 55FS-GOOGLE LED TV
70,Blaupunkt,27599.0,QLED,5, 2022, 60 W, 55QD7020
71,Samsung,40599.0,LED,1, 2023, 20 W, UA55CUE70AKLXL
72,Acer,29999.0,QLED,4.3, 2025, 24 W, AR55QDVGU2875BD
73,Vu,58990.0,QLED,4, 2025, 36 W, 75GLOQLED25
74,Acer,10990.0,LED,1, 2024, 24 W, AR32HDJGR2841AD
75,InnoQ,11499.0,LED,3.6, 2025, 30 W, 40S-SPCTADK
76,MOTOROLA,36999.0,LED,2, 2024, 20 W, 55UHDGMMWKRQ
77,Coocaa,9499.0,QLED,1, 2025, 20 W, 32Q74
78,Sansui,9989.0,LED,4.3, 2024, 20 W, JSG32CSHD
79,Panasonic,15490.0,LED,4.3, 2025, 20 W, TH-32PS660DX
80,Uniboom,11499.0,LED,4.2, 2025, 30 W, 40S-ULT-AED
81,XIAOMI,30400.0,LED,4.3, 2023, 30 W, L50M8-A2IN
82,Samsung,22490.0,LED,4.3, 2023, 20 W, UA43T5450AKXXL
83,ONIDA,27647.0,LED,4.4, 2023, 24 W, 55UIG
84,Sansui,33499.0,QLED,4, 2022, 30 W, JSW55GSQLED
85,realme,26999.0,LED,4.3, 2025, 30 W, 50UHDGDRDDVB
86,realme,26699.0,LED,4.1, 2024, 40 W, 55UHDGDRWSXP
87,Infinix,8999.0,LED,4.3, 2022, 20 W, 32Y1
88,Blaupunkt,26699.0,LED,3.8, 2023, 60 W, 55CSGT7023
89,Sansui,11990.0,LED,4.5, 2024, 20 W, JSWG32GSHD
90,Daiwa,21336.0,LED,4.3, 2024, 24 W, 55G1U
91,Reliance,9990.0,LED,4.3, 2025, 24 W, RE32MP3972
92,ONIDA,28569.0,LED,4, 2024, 24 W, 55UIG-R
93,LG,14990.0,LED,4.3, 2023, 16 W, 32LQ643BPTA
94,XElectron,16381.0,LED,4.4, 2022, 24 W, 43XETV
95,MOTOROLA,36499.0,LED,3.9, 2024, 20 W, 50UHDGMMWKRQ
96,TCL,13990.0,LED,4.2, 2024, 24 W, 32S5500
97,ONIDA,27647.0,LED,4.3, 2023, 24 W, 55UIG
98,TOSHIBA,26735.0,LED,4.5, 2025, 30 W, 50E350RP
99,Sansui,17967.0,LED,4.2, 2023, 20 W, JSW40GSFHD
100,Sansui,67288.0,LED,4.4, 2023, 24 W, JSW70GSUHDFF
101,ONIDA,28569.0,LED,4.3, 2024, 24 W, 55UIG-R
102,Vu,27699.0,OLED,4.3, 2024, 24 W, 50GLOLED25
103,XElectron,9999.0,LED,4, 2025, 20 W, 32STV
104,Reliance,10009.0,LED,5, 2025, 20 W, RW32MP4656HD
105,Nokia,35100.0,QLED,4.1, 2021, 60 W, 55UHDAQNDT5Q
106,ONIDA,37788.0,QLED,4, 2024, 20 W, QZ55UI
107,Vu,22099.0,OLED,5, 2024, 24 W, 43GLOLED25
108,Sansui,21194.0,LED,4.4, 2023, 20 W, JSW43GSFHD
109,ONIDA,69131.0,LED,4, 2024, 20 W, 75UIG-R
110,Reliance,29990.0,QLED,4, 2024, 24 W, TV RGT55WB3972UHD
111,XIAOMI,26710.0,LED,4.3, 2023, 30 W, L43M8-5XIN
112,ONIDA,27002.0,QLED,5, 2024, 20 W, QZ43UI
113,Sansui,21400.0,LED,5, 2025, 20 W, JSW43FHG5
114,Reliance,12490.0,LED,4.3, 2025, 24 W, RO32WD5445HD
115,Sansui,24990.0,LED,5, 2025, 30 W, JSW43UG23
116,Coocaa,26399.0,LED,5, 2019, 20 W, 50S3N
117,INVANTER,11500.0,LED,4.2, 2023, 20 W, IN32SFL
118,Compaq,11108.0,LED,4.3, 2023, 24 W, CQV50AX1UD
119,Compaq,8293.0,LED,4, 2021, 24 W, CQ43APUDBL
120,InnoQ,5990.0,LED,3.8, 2024, 30 W, 24S-SPECTRA-V2
121,Thomson,5799.0,LED,4.4, 2023, 20 W, 24Alpha001
122,Hisense,11499.0,QLED,4, 2025, 30 W, 32E5Q
123,acerpure,19999.0,QLED,4.2, 2025, 30 W, AP43UG75PNTO5
124,KODAK,22999.0,QLED,4.1, 2022, 40 W, 50MT5011
125,XIAOMI,11499.0,LED,3.9, 2025, 20 W, L32MB-FIN
126,SONY,51990.0,LED,4.3, 2025, 20 W, K-50S22BM2
127,Acer,24999.0,QLED,4.3, 2025, 36 W, AR50QDQGR2851AD
128,Samsung,33990.0,QLED,4.1, 2025, 20 W, QA43QEF6AULXL
129,Samsung,22490.0,LED,4.2, 2023, 20 W, UA43T5450AKXXL
130,PHILIPS,43999.0,QLED,4.4, 2025, 30 W, 65PQT8100/94
131,Daiwa,16599.0,LED,4.3, 2024, 24 W, 43G1U
132,Vu,26990.0,QLED,4.2, 2025, 24 W, 50GLOQLED25
133,KODAK,37999.0,QLED,4.5, 2022, 40 W, 65MT5033
134,XIAOMI,57999.0,QLED,4.1, 2025, 34 W, L65MB-APIN
135,MOTOROLA,29999.0,QLED,4, 2025, 48 W, 50UHDGQMVSAQ
136,TCL,41990.0,LED,4.1, 2025, 40 W, 55Q6CS
137,SONY,77990.0,LED,4.3, 2025, 20 W, K-65S25BM2
138,MarQ,7499.0,LED,4.1, 2023, 24 W, 32HDCDQEE1B
139,XIAOMI,12999.0,LED,4.4, 2025, 20 W, L32MB-AIN
140,SONY,24999.0,LED,3.9, 2024, 20 W, KD-32W825
141,Acer,23517.0,LED,5, 2024, 30 W, AR43UDIGU2875AT
142,TCL,73990.0,QLED,1, 2025, 35 W, 75T89C
143,Infinix,8999.0,LED,4.1, 2024, 40 W, 32GH1
144,TCL,34990.0,QLED,4, 2024, 35 W, 55C69B
145,Thomson,7999.0,LED,4, 2022, 30 W, 32Alpha007BL
146,Acer,9999.0,LED,4.2, 2025, 30 W, AR32HDJGU2841BD
147,XIAOMI,28999.0,QLED,4, 2025, 30 W, L43MB-APIN
148,Acer,13999.0,LED,5, 2024, 30 W, AR40FDIGU2841AT
149,Samsung,57990.0,LED,4, 2025, 20 W, UA65UE81AFULXL
150,Acer,20999.0,QLED,5, 2025, 20 W, AR43QDVGU2875BD
151,BESTON,7499.0,LED,5, 2025, 24 W, BS32C2
152,TCL,64990.0,QLED,4.3, 2025, 30 W, 75T6C
153,LG,14490.0,LED,5, 2025, 20 W, 32LR600B6LC
154,KODAK,18439.0,QLED,5, 2024, 40 W, 43MT5055
155,TCL,30990.0,QLED,4.1, 2024, 35 W, 55P71B Pro
156,MOTOROLA,62999.0,QLED,4.1, 2025, 30 W, 75UHDGQMWSTQ
157,TOSHIBA,21999.0,QLED,4.3, 2024, 24 W, 43C450ME
158,Thomson,13999.0,LED,4.2, 2023, 30 W, 40RT1033
159,Blaupunkt,25499.0,QLED,4.2, 2025, 50 W, 50QC7015
160,Haier,11990.0,LED,4.1, 2025, 16 W, LE32A7-N
161,Foxsky,11499.0,LED,4.4, 2023, 30 W, 40FSFHS
162,XIAOMI,32999.0,LED,4, 2025, 30 W, L55MB-FIN
163,Haier,24990.0,LED,4.2, 2025, 16 W, LE43W400UG-N
164,BESTON,23499.0,QLED,3.8, 2025, 30 W, BS55UGTV
165,Uniboom,5991.0,LED,4.4, 2025, 30 W, 24S-ULTIMA
166,XIAOMI,24999.0,LED,4.2, 2025, 30 W, L43MB-AIN
167,iFFALCON,40999.0,LED,4.2, 2025, 24 W, 65U65
168,TOSHIBA,35499.0,QLED,4.1, 2024, 49 W, 55M550NP
169,Acer,35999.0,QLED,4.3, 2024, 80 W, AR55QDXGU2875AT
170,InnoQ,11490.0,LED,3.8, 2024, 30 W, 40S-SPECTRA-V2
171,Kenstar,16999.0,LED,4.2, 2025, 24 W, 43UHDTDKEETB
172,TCL,129990.0,QLED,4.1, 2025, 40 W, 85T89C
173,LG,39990.0,LED,4.2, 2025, 20 W, 55UA82006LA
174,Thomson,19999.0,QLED,4.1, 2025, 50 W, 43QAI1005
175,Acer,18999.0,LED,4.1, 2025, 30 W, AR43UDGGU2875BD
176,XIAOMI,19999.0,LED,4, 2025, 20 W, L43MB-AFIN
177,XIAOMI,20300.0,LED,4, 2024, 20 W, L43MA-AFIN
178,TOSHIBA,11999.0,QLED,4, 2025, 30 W, 32E38RP
179,Acer,8999.0,LED,4.2, 2024, 24 W, AR32HDGGR2841AD
180,Infinix,8499.0,QLED,5, 2025, 20 W, 32GH3Q
181,realme,9999.0,QLED,5, 2025, 40 W, 32HDGQRVS2Q
182,skylive,13499.0,LED,4.1, 2024, 20 W, SL43PRO
183,Blaupunkt,9499.0,LED,5, 2023, 40 W, 32CSG7111
184,Haier,43490.0,QLED,2, 2025, 30 W, 55H6E
185,Haier,12490.0,LED,4.2, 2025, 16 W, LE32W400G-N
186,LG,27990.0,LED,5, 2023, 20 W, 43UR7500PSC
187,SONY,112990.0,LED,5, 2025, 20 W, K-75S25BM2
188,SONY,67990.0,LED,4.1, 2024, 20 W, K-65S25B
189,BESTON,11999.0,LED,3, 2025, 20 W, BS40FGQ1
190,Acer,28999.0,QLED,2, 2025, 36 W, AR55QDQGR2851AD
191,KODAK,12499.0,QLED,4, 2025, 36 W, 40QSE5009
192,Hisense,28999.0,QLED,4.3, 2025, 48 W, 50E75Q
193,Acer,15999.0,LED,4.1, 2025, 30 W, AR43FDJGU2841BD
194,KODAK,15499.0,LED,3.9, 2023, 30 W, 439X5081
195,Infinix,27999.0,QLED,4.4, 2024, 40 W, 55GU1Q/55GU3Q
196,LG,35090.0,LED,4.3, 2025, 20 W, 50UA82006LA
197,Panasonic,34150.0,LED,4.7, 2025, 20 W, TH-50PX660DX
198,realme,26699.0,QLED,3.9, 2024, 30 W, 50UHDGQRWSGQ
199,Hisense,17999.0,QLED,4.1, 2025, 30 W, 43E5Q
200,Hisense,19999.0,LED,4.3, 2024, 30 W, 43E63N
201,Hisense,32999.0,QLED,3.8, 2025, 20 W, 55E7Q
202,XIAOMI,34999.0,LED,4, 2025, 34 W, L55MB-AIN
203,Foxsky,24499.0,LED,4, 2023, 30 W, 55FS-VS
204,TOSHIBA,11499.0,LED,4.4, 2025, 20 W, 32V35RP
205,Coocaa,7999.0,LED,4, 2024, 20 W, 32Z73
206,KODAK,5999.0,LED,4.3, 2024, 20 W, 24SE5002
207,iFFALCON,62999.0,LED,4, 2025, 30 W, 75U75
208,Blaupunkt,21999.0,QLED,4.7, 2025, 48 W, BP50JQD0026
209,XElectron,16381.0,LED,4.2, 2022, 24 W, 43XETV
210,Admiral,25800.0,LED,4.3, 2024, 20 W, ADL55DX4KS
211,XIAOMI,29999.0,LED,4.6, 2025, 30 W, L50MB-AIN
212,TCL,63990.0,LED,4.2, 2025, 30 W, 75V6C
213,Kenstar,22499.0,LED,4.1, 2025, 24 W, 50UHDTDKEETB
214,LG,39990.0,LED,4.1, 2023, 20 W, 55UR7500PSC
215,Acer,10990.0,LED,4.3, 2024, 24 W, AR32HDJGR2841AD
216,Acer,13999.0,LED,5, 2025, 26 W, AR40FDGGU2841BD
217,Acer,18999.0,LED,1, 2024, 30 W, AR43UDGGR2851AD
218,LG,14990.0,LED,4.3, 2023, 16 W, 32LQ643BPTA
219,Coocaa,20999.0,QLED,4, 2025, 30 W, 43Y74 Pro
220,Nokia,35100.0,QLED,4, 2021, 60 W, 55UHDAQNDT5Q
221,acerpure,21599.0,QLED,4.1, 2024, 20 W, AP43UG51QEVTD
222,Haier,31490.0,QLED,4, 2025, 19 W, 43H6E
223,Coocaa,9499.0,QLED,5, 2025, 20 W, 32Q74
224,Thomson,63608.0,LED,4.1, 2020, 30 W, 75 OATHPRO2121
225,Samsung,13989.0,LED,5, 2022, 20 W, UA32T4380AKXXL
226,Infinix,9499.0,QLED,1, 2025, 16 W, 32W2Q
227,realme,21999.0,QLED,4, 2024, 40 W, 43UHDGQRVS3Q
228,XIAOMI,14999.0,QLED,5, 2025, 20 W, L32MB-APIN
229,XIAOMI,33999.0,LED,5, 2024, 30 W, L55MA-AIN
230,TCL,42990.0,LED,4.2, 2025, 40 W, 55C6KS
231,Vu,58990.0,QLED,4.3, 2025, 36 W, 75GLOQLED25
232,KODAK,9499.0,LED,3.6, 2023, 30 W, 329X5051
233,TCL,29490.0,LED,4, 2025, 24 W, 50V6C
234,LG,28990.0,LED,3.9, 2025, 20 W, 43UR75006LC
235,Acer,12999.0,QLED,4.3, 2024, 30 W, AR32QDXGU2841AT
236,Blaupunkt,13799.0,QLED,4.2, 2025, 48 W, 40QD7070
237,LG,59990.0,LED,3.9, 2025, 20 W, 65UA82006LA
238,TOSHIBA,37799.0,QLED,4, 2025, 24 W, 55Z570RP
239,iFFALCON,26999.0,LED,4.3, 2025, 24 W, 50U65
240,TOSHIBA,37799.0,QLED,4.4, 2025, 24 W, 55Z570RP
241,ONIDA,70999.0,LED,4.2, 2023, 24 W, 75UIG
242,iFFALCON,26999.0,LED,4.3, 2025, 24 W, 50U65
243,Sansui,33499.0,QLED,4.1, 2022, 30 W, JSW55GSQLED
244,LG,45990.0,Unknown,4.3, 2025, 20 W, 43QNED8AA6A
245,Samsung,26990.0,LED,4.4, 2024, 20 W, UA43DUE76AKLXL
246,Panasonic,15490.0,LED,4.4, 2025, 20 W, TH-32PS660DX
247,Foxsky,34999.0,LED,4.1, 2023, 30 W, 65FS-VS
248,Samsung,38490.0,LED,4.3, 2024, 20 W, UA55DUE76AKLXL
249,KODAK,8299.0,QLED,4.4, 2025, 36 W, 32QSE5080
250,Infinix,7999.0,LED,3.6, 2024, 16 W, 32Y1V/32Y1PLUS
251,Thomson,39999.0,QLED,4, 2025, 60 W, 65QAI1035
252,realme,38699.0,LED,4.3, 2025, 40 W, 65UHDGDRVSAB
253,Blaupunkt,13799.0,LED,4.1, 2023, 48 W, 40CSG7112
254,Sansui,9989.0,LED,4.3, 2024, 20 W, JSG32CSHD
255,Acer,29999.0,QLED,5, 2025, 24 W, AR55QDVGU2875BD
256,TOSHIBA,10999.0,LED,5, 2023, 20 W, 32V35MP
257,Hisense,41999.0,LED,4.4, 2024, 24 W, 65E6N
258,Reliance,6299.0,LED,5, 2025, 20 W, RO24MP3972HD
259,Acer,25999.0,QLED,5, 2025, 24 W, AR50QDVGU2875BD
260,TCL,25990.0,QLED,4.3, 2025, 30 W, 43P7K
261,TOSHIBA,74999.0,QLED,5, 2025, 36 W, 75Z570RP
262,KODAK,26499.0,QLED,1, 2022, 40 W, 55MT5022
263,Acer,26999.0,LED,4.4, 2024, 30 W, AR55UDGGR2851AD
264,Hisense,49999.0,LED,4, 2025, 49 W, 55U7Q
265,Vu,39700.0,LED,1, 2015, 20 W, NA
266,Sansui,17967.0,LED,4.4, 2023, 20 W, JSW40GSFHD
267,Blaupunkt,6299.0,LED,5, 2025, 24 W, 24SigmaQ018
268,Acer,11999.0,LED,5, 2024, 30 W, AR32HDIGU2841AT
269,Reliance,10490.0,LED,4.3, 2023, 24 W, RE32MP3972
270,TCL,68399.0,QLED,4, 2025, 35 W, 75P7K
271,Samsung,40599.0,LED,4, 2023, 20 W, UA55CUE70AKLXL
272,TCL,25490.0,QLED,4.5, 2024, 30 W, 43C655
273,Samsung,58990.0,LED,4.1, 2025, 20 W, UA65UE84AFULXL
274,Samsung,25990.0,LED,4.4, 2024, 20 W, UA43DUE70BKLXL
275,Hisense,39999.0,QLED,4.3, 2023, 24 W, 55E7K PRO
276,Hisense,22999.0,QLED,3.6, 2025, 14 W, 43E7Q
277,BESTON,9999.0,QLED,4.3, 2025, 30 W, BS32HGTV
278,Blaupunkt,15998.0,LED,4.3, 2023, 48 W, 43CSG7105
279,Samsung,33990.0,QLED,4, 2025, 20 W, QA43QEF1AULXL
280,Samsung,36990.0,LED,4, 2025, 20 W, UA50UE84AFULXL
281,SONY,247990.0,LED,3.7, 2024, 20 W, K-85S30
282,acerpure,29499.0,LED,4.2, 2024, 24 W, AP55UG51ASFTD
283,Blaupunkt,26699.0,QLED,4.4, 2025, 48 W, BP55JQD0036
284,IMPEX,13907.0,LED,4.4, 2024, 20 W, PLATINA 43 M4E9LF
285,Kenstar,25799.0,LED,4.2, 2025, 24 W, 55UHDTDKEETB
286,MOTOROLA,36999.0,LED,4.3, 2024, 20 W, 55UHDGMMWKRQ
287,Samsung,37990.0,LED,4.4, 2024, 20 W, UA50DUE76AKLXL
288,Sansui,11990.0,LED,4.7, 2024, 20 W, JSWG32GSHD
289,Admiral,16600.0,LED,4.7, 2024, 20 W, ADL43DXFHS
290,Samsung,79990.0,LED,3.8, 2025, 20 W, UA75UE85AFULXL
291,SONY,64499.0,LED,3.9, 2023, 20 W, KD-65X74L
292,Hisense,15400.0,LED,4, 2025, 20 W, 40A4Q
293,Sansui,21194.0,LED,4.1, 2023, 20 W, JSW43GSFHD
294,BESTON,9999.0,QLED,4, 2025, 30 W, BS32HGTV
295,BESTON,36499.0,QLED,5, 2025, 35 W, BS65UGTV
296,Reliance,10490.0,LED,3.8, 2024, 24 W, 32MP3972
297,MOTOROLA,59999.0,LED,4, 2024, 20 W, 65UHDGMMWKRQ
298,Samsung,64499.0,LED,1, 2023, 20 W, UA65CUE70AKLXL
299,TCL,45990.0,LED,4, 2025, 24 W, 65V6C
300,Aiwa,13990.0,QLED,4, 2024, 30 W, AS32QHDX1-GTV
301,iFFALCON,8999.0,LED,5, 2024, 16 W, iFF32S44
302,Samtonic,9489.0,LED,4.7, 2024, 48 W, STLEDNEO-3203S_24
303,TOSHIBA,114999.0,LED,5, 2024, 36 W, 85C380RP
304,skylive,17295.0,LED,5, 2024, 20 W, SL43WS1
305,Coocaa,26399.0,LED,4.4, 2019, 20 W, 50S3N
306,Thomson,64999.0,QLED,5, 2025, 70 W, 75NEOX4545
307,Thomson,22999.0,QLED,5, 2022, 40 W, Q50H1000
308,Aiwa,26800.0,QLED,4.2, 2024, 40 W, AS43QUHDX1-GTV
309,Reliance,9990.0,LED,3.6, 2025, 24 W, RE32MP3972
310,Reliance,12490.0,LED,4.3, 2025, 24 W, RO32WD5445HD
311,acerpure,10299.0,LED,3.9, 2025, 30 W, AP32HG41BASN5
312,Sansui,9990.0,LED,4.4, 2025, 20 W, JSWP32CSHD
313,Thomson,18399.0,QLED,4.3, 2024, 40 W, Q43H1110
314,MOTOROLA,28999.0,QLED,4.4, 2024, 20 W, 50UHDGQMWSTQ
315,Panasonic,14400.0,LED,4.1, 2025, 20 W, TH-32PS550DX
316,Acer,18999.0,LED,4.2, 2024, 30 W, AR43FDIGU2841AT
317,Thomson,22099.0,LED,4.3, 2023, 40 W, 50OPMAXGT9020
318,Acer,13099.0,LED,4.3, 2024, 20 W, AR32GT2841HDFL
319,Sansui,59829.0,QLED,4.1, 2022, 24 W, JSW65GSQLED
320,ONIDA,69131.0,LED,4.2, 2024, 20 W, 75UIG-R
321,Coocaa,39599.0,LED,4.2, 2024, 30 W, 65Y73
322,INVANTER,11500.0,LED,4.1, 2023, 20 W, IN32SFL
323,LIMEBERRY,8635.0,LED,4.2, 2025, 24 W, LB321CN6
324,VOIR,8990.0,LED,4, 2024, 20 W, VR32FLG12KN
325,INVANTER,16500.0,LED,4.1, 2023, 20 W, IN32WSHRD
326,MarQ,4749.0,LED,4.2, 2024, 20 W, 24HDNDQEETB
327,TCL,25699.0,QLED,4.3, 2023, 30 W, 43C645
328,XIAOMI,30400.0,LED,4, 2023, 30 W, L50M8-A2IN
329,NU,7725.0,LED,4.5, 2023, 20 W, LED43UWA1
330,TCL,24700.0,QLED,4.4, 2023, 30 W, 43T6G
331,Thomson,31999.0,QLED,4, 2025, 70 W, 55NEOX0011
332,HUIDI,10999.0,LED,4.2, 2024, 10 W, HD24D1M19
333,Acer,38999.0,LED,5, 2025, 40 W, AR65UDGGU2875BD
334,TOSHIBA,22125.0,LED,5, 2025, 30 W, 43E350RP
335,Thomson,16593.0,LED,4.2, 2021, 40 W, 43PATH4545BL
336,LIMEBERRY,10499.0,LED,5, 2023, 24 W, LB43MF10BSPS4GV
337,HUIDI,10199.0,LED,1, 2024, 20 W, HD6FSPRO
338,ONIDA,28569.0,LED,4.1, 2024, 24 W, 55UIG-R
339,TCL,62990.0,LED,5, 2025, 40 W, 65Q6CS
340,Thomson,57999.0,LED,5, 2025, 108 W, TH65QDMini1022
341,Reliance,31335.0,LED,4.3, 2025, 24 W, RW55GD8676UHD
342,ONIDA,27002.0,QLED,4, 2024, 20 W, QZ43UI
343,realme,37799.0,QLED,5, 2024, 44 W, 65UHDGQRWSGQ
344,Coocaa,27999.0,LED,4.5, 2025, 30 W, 55Y74
345,Vu,31299.0,OLED,5, 2024, 24 W, 55GLOLED25
346,InnoQ,11499.0,LED,5, 2025, 30 W, 40S-SPCTADK
347,Thomson,43999.0,QLED,3.6, 2025, 70 W, 65NEOX0009
348,Sansui,9990.0,LED,4, 2022, 24 W, JSWY32CSHD
349,Reliance,29990.0,QLED,4.3, 2024, 24 W, TV RGT55WB3972UHD
350,TCL,139990.0,LED,4.1, 2025, 60 W, 75C72K
351,KODAK,9399.0,QLED,4.2, 2024, 48 W, 32MT5077
352,iFFALCON,45999.0,LED,4.1, 2025, 24 W, 65U75
353,NVY,8790.0,LED,4.2, 2023, 16 W, NVA32SNR1
354,TCL,13990.0,QLED,4, 2025, 24 W, 32S5K
355,ONIDA,22872.0,LED,4.4, 2024, 20 W, 43UZI
356,iMEE,17100.0,LED,4.3, 2024, 30 W, META-43S-1GB-BT
357,Compaq,14946.0,LED,3.8, 2022, 24 W, CQW32HDNS
358,Aiwa,38691.0,QLED,4.2, 2024, 20 W, 55AINSK140GTQX3H3BC
359,Coocaa,33199.0,QLED,4, 2024, 40 W, 55Y73 PRO
360,Hisense,22999.0,LED,4.3, 2023, 24 W, 43A6K
361,STARSHINE,21899.0,LED,4.1, 2024, 24 W, 43RBA
362,ZEBRONICS,19172.0,LED,4.3, 2025, 20 W, ZEB43 P5
363,KODAK,31999.0,QLED,4.3, 2025, 70 W, 55MX8888
364,XElectron,9999.0,LED,4, 2025, 20 W, 32STV
365,TCL,20899.0,QLED,4.4, 2025, 24 W, 43S5K
366,TCL,169990.0,LED,4, 2025, 60 W, 75C8K
367,Haier,56250.0,QLED,4.4, 2024, 30 W, H55S90EUX
368,Foxsky,6699.0,LED,4.4, 2023, 30 W, 32FSN
369,TCL,32899.0,LED,4.3, 2025, 24 W, 55P6K
370,TCL,64999.0,LED,4.1, 2023, 24 W, 75P635
371,ONIDA,17999.0,LED,4.4, 2023, 24 W, 43UIG
372,Blaupunkt,12999.0,LED,4, 2025, 36 W, 40SigmaQ008
373,TOSHIBA,29799.0,LED,1, 2022, 24 W, 50C350LP
374,Sansui,6999.0,LED,4.1, 2019, 20 W, JSK32LSHD
375,Metz,12490.0,QLED,5, 2025, 20 W, 32QP225G
376,acerpure,18899.0,LED,4, 2024, 20 W, AP43UG51ASFTD
377,Samsung,14760.0,LED,4, 2025, 20 W, UA32T4340BKXXL
378,Sansui,21400.0,LED,3, 2025, 20 W, JSW43FHG5
379,Hisense,269990.0,LED,2, 2025, 61 W, 100U7Q
380,LG,15962.0,LED,4.1, 2023, 16 W, 32LQ640BPTA
381,Acer,69999.0,LED,5, 2024, 60 W, AR65UDMGR2885AT
382,Hisense,24999.0,LED,5, 2025, 30 W, 50E63N
383,VONE,10599.0,LED,4, 2024, 15 W, 32ZZB
384,Reliance,18290.0,LED,5, 2025, 24 W, RW43GD8676FHD
385,LIMEBERRY,17390.0,LED,1, 2023, 24 W, 43PF09BSNS4GV
386,Doodle,9145.0,LED,4.3, 2023, 20 W, IR32S1HD
387,Dish,24689.0,LED,4.5, 2023, 10 W, 43VFS
388,realme,20299.0,LED,4.1, 2020, 24 W, TV 43
389,Blaupunkt,19998.0,QLED,4.2, 2025, 50 W, 43QC7005
390,Blaupunkt,58999.0,LED,4.4, 2025, 108 W, BQD65Mini7066
391,InnoQ,11499.0,LED,4.3, 2025, 30 W, 40S-SPCTADK
392,TOSHIBA,31299.0,QLED,4.1, 2024, 24 W, 55C450ME
393,Hisense,21199.0,QLED,4.1, 2023, 24 W, 43E7K
394,TCL,51990.0,QLED,4.3, 2025, 24 W, 65T6C
395,VOIR,14999.0,QLED,4, 2025, 24 W, VTQ43CF2EB
396,Haier,52550.0,QLED,4, 2023, 24 W, 55Q5
397,Hisense,25499.0,QLED,4.3, 2023, 24 W, 43U6K
398,TCL,64990.0,LED,4.5, 2025, 40 W, 65C6KS
399,LG,14520.0,LED,4.4, 2025, 10 W, 32LR573B6LA
400,Qthin,18482.0,LED,4.2, 2024, 18 W, GOOGLE TV
401,Panasonic,60751.0,LED,4.2, 2023, 20 W, TH-65MX660DX
402,Reliance,18055.0,LED,4.2, 2025, 20 W, RW43GD4656FHD
403,SONY,38699.0,LED,4.2, 2022, 20 W, KD - 43X74K
404,Micromax,22392.0,LED,3.8, 2016, 20 W, 32 CANVAS-S
405,Uniboom,4999.0,LED,4.2, 2025, 30 W, 24N-ULT-AED
406,Compaq,8293.0,LED,4.1, 2021, 24 W, CQ43APUDBL
407,Samsung,87990.0,LED,4.3, 2024, 20 W, UA75DUE77AKXXL
408,Qthin,18482.0,LED,4.4, 2024, 18 W, GOOGLE TV
409,KODAK,5499.0,LED,4, 2018, 20 W, 24HDX100S
410,Samsung,87990.0,LED,4.2, 2024, 20 W, UA75DUE77AKXXL
411,SONY,27990.0,LED,4, 2022, 20 W, KD-32W830K
412,LG,35999.0,NanoCell,5, 2025, 20 W, 43NANO83A6A
413,Metz,23990.0,QLED,3.8, 2025, 30 W, 43QP425G
414,TOSHIBA,44499.0,LED,5, 2024, 20 W, 65C380RP
415,LG,18990.0,LED,5, 2022, 16 W, 32LQ645BPTA
416,Metz,22490.0,QLED,4.4, 2025, 20 W, 43QP225G
417,VOIR,7990.0,LED,5, 2024, 20 W, VR32EFB52KN
418,OnePlus,21971.0,QLED,2, 2019, 50 W, 55Q1IN-1
419,LG,36490.0,LED,4.1, 2022, 20 W, 43UQ8020PSB
420,TOSHIBA,243999.0,QLED,5, 2024, 50 W, 100Z570RP
421,Samsung,67699.0,QLED,4, 2024, 20 W, QA55Q70DAULXL
422,Samsung,56990.0,QLED,4.5, 2024, 20 W, QA55QE1DAULXL
423,SONY,26890.0,LED,5, 2022, 20 W, KD-32W830K
424,Samsung,116699.0,QLED,5, 2019, 40 W, QA65Q70RAKXXL
425,LG,96099.0,LED,4.1, 2020, 20 W, 55NANO91TNA
426,LG,66000.0,LED,4.5, 2024, 20 W, 55UT80406LA
427,VZY,39998.0,QLED,4.2, 2025, 50 W, X55UHQG5AV
428,LG,20000.0,LED,3.6, 2019, 10 W, 32LM560BPTC
429,SONY,142000.0,LED,3.9, 2024, 40 W, K-55XR70
430,SONY,56890.0,LED,4, 2021, 20 W, KD-50X75
431,Vu,29999.0,LED,4.1, 2024, 50 W, 55CINEMA
432,Blaupunkt,7120.0,LED,4.3, 2019, 30 W, BLA43BS570
433,XIAOMI,15999.0,LED,4.2, 2019, 20 W, L32M5-AL
434,XIAOMI,38350.0,LED,4.3, 2019, 20 W, L55M5-5XIN
435,Blaupunkt,17499.0,QLED,4.3, 2023, 50 W, 43QD7050
436,Haier,11989.0,LED,4.3, 2023, 10 W, LE32A7
437,TCL,268990.0,QLED,4.3, 2025, 40 W, 98P8K
438,Samsung,10989.0,LED,3.6, 2020, 20 W, UA32T4340AKXXL
439,TCL,25990.0,QLED,4.4, 2025, 24 W, 50S5K
440,Blaupunkt,18000.0,LED,4.1, 2018, 30 W, BLA32AH410
441,LG,16700.0,LED,4.3, 2021, 10 W, 32LQ570BPSA
442,Acer,14850.0,LED,4.6, 2023, 30 W, AR32GR2841HDFL
443,Blaupunkt,44999.0,QLED,4.2, 2025, 80 W, 65SQ0303
444,LG,21799.0,LED,4, 2022, 20 W, 32LQ636BPSA
445,Uniboom,4999.0,LED,3.9, 2025, 30 W, 24N-ULT-AED
446,Panasonic,18999.0,LED,4.5, 2025, 20 W, TH-32PS670DX
447,Metz,58990.0,QLED,4.4, 2025, 30 W, 65QP425G
448,Hisense,22099.0,QLED,4.3, 2024, 24 W, 43E68N
449,SONY,81174.0,LED,3.6, 2024, 20 W, K-65S25
450,Samsung,63800.0,QLED,1, 2020, 20 W, QA55Q60TAKXXL
451,LG,54800.0,LED,1, 2025, 20 W, 55UA83006LA
452,JVC,59538.0,QLED,4.6, 2022, 24 W, LT-65NQ7115CGX
453,Sansui,50500.0,QLED,5, 2025, 30 W, JSW65UG23Q
454,Samsung,128990.0,LED,5, 2023, 20 W, 75CU7700
455,cenit,12000.0,LED,4.5, 2023, 20 W, CG32N
456,EARTHONIC,50761.0,QLED,5, 2024, 30 W, E65UHD4KQ11GS24
457,Sansui,27990.0,QLED,5, 2025, 30 W, JSW43UG23Q
458,LG,16615.0,LED,4.3, 2023, 20 W, 32LQ570BPSA
459,Hisense,73999.0,LED,4, 2023, 49 W, 65U7K
460,LG,224990.0,OLED,4, 2025, 60 W, OLED65G56LA
461,Panasonic,50840.0,LED,4.2, 2023, 20 W, TH-55MX750DX
462,acerpure,41999.0,QLED,5, 2024, 24 W, AP65UG51QEVTD
463,Samsung,109990.0,QLED,5, 2020, 20 W, QA65Q60TAKXXL
464,LG,312099.0,LED,4.1, 2019, 40 W, 75SM9400PTA
465,Dish,24954.0,LED,4.3, 2023, 20 W, dishtv Entertainment Combo – Sansui 43” Full HD Smart TV (Google TV OS) + Set-Top Box | 12 Months Royale Sports Kids HD Pack ( Marathi HD Pack)
466,SONY,144990.0,LED,3.9, 2021, 20 W, KD-75X80J
467,BPL,51990.0,LED,4.6, 2025, 10 W, 65U-D5510
468,Weston,48990.0,LED,4.2, 2019, 40 W, WEL 5101
469,Lloyd,13390.0,LED,4.2, 2022, 20 W, 32HS410D
470,Uniboom,11499.0,LED,3.6, 2025, 30 W, 40S-ULT-AED
471,Hisense,59999.0,LED,3.6, 2024, 24 W, 65U6N Pro
472,LG,69990.0,LED,4, 2022, 20 W, 65UQ7500PSF
473,Haier,89990.0,LED,4.4, 2024, 50 W, H55M90EUX
474,Samsung,214599.0,QLED,4.3, 2022, 60 W, QA75QN90BAKXXL
475,Samsung,93499.0,QLED,4, 2025, 20 W, QA65Q8FAAULXL
476,LG,48990.0,LED,4.2, 2022, 20 W, 55UQ7500PSF
477,Haier,39960.0,LED,4.2, 2023, 20 W, 55P7GT
478,realme,16699.0,LED,3.8, 2022, 24 W, RMV2108
479,LG,99990.0,LED,4.3, 2020, 20 W, 65NANO80TNA
